{
	"$id": "/inference/schemas/automatic-speech-recognition/input.json",
	"$schema": "http://json-schema.org/draft-06/schema#",
	"description": "Inputs for Automatic Speech Recognition inference",
	"title": "AutomaticSpeechRecognitionInput",
	"type": "object",
	"properties": {
		"inputs": {
			"description": "The input audio data"
		},
		"parameters": {
			"description": "Additional inference parameters",
			"$ref": "#/$defs/AutomaticSpeechRecognitionParameters"
		}
	},
	"$defs": {
		"AutomaticSpeechRecognitionParameters": {
			"title": "AutomaticSpeechRecognitionParameters",
			"description": "Additional inference parameters for Automatic Speech Recognition",
			"type": "object",
			"properties": {
				"return_timestamps": {
					"type": "boolean",
					"description": "Whether to output corresponding timestamps with the generated text"
				},
				"generate": {
					"description": "Parametrization of the text generation process",
					"$ref": "/inference/schemas/common-definitions.json#/definitions/GenerationParameters"
				}
			}
		}
	},
	"required": ["inputs"]
}
