{
	"$id": "/inference/schemas/object-detection/input.json",
	"$schema": "http://json-schema.org/draft-06/schema#",
	"description": "Inputs for Object Detection inference",
	"title": "ObjectDetectionInput",
	"type": "object",
	"properties": {
		"inputs": {
			"description": "The input image data"
		},
		"parameters": {
			"description": "Additional inference parameters",
			"$ref": "#/$defs/ObjectDetectionParameters"
		}
	},
	"$defs": {
		"ObjectDetectionParameters": {
			"title": "ObjectDetectionParameters",
			"description": "Additional inference parameters for Object Detection",
			"type": "object",
			"properties": {
				"threshold": {
					"type": "number",
					"description": "The probability necessary to make a prediction."
				}
			}
		}
	},
	"required": ["inputs"]
}
