{
	"$id": "/inference/schemas/audio-classification/input.json",
	"$schema": "http://json-schema.org/draft-06/schema#",
	"description": "Inputs for Audio Classification inference",
	"title": "AudioClassificationInput",
	"type": "object",
	"properties": {
		"inputs": {
			"description": "The input audio data"
		},
		"parameters": {
			"description": "Additional inference parameters",
			"$ref": "#/$defs/AudioClassificationParameters"
		}
	},
	"$defs": {
		"AudioClassificationParameters": {
			"title": "AudioClassificationParameters",
			"description": "Additional inference parameters for Audio Classification",
			"type": "object",
			"properties": {
				"function_to_apply": {
					"title": "AudioClassificationOutputTransform",
					"$ref": "/inference/schemas/common-definitions.json#/definitions/ClassificationOutputTransform"
				},
				"top_k": {
					"type": "integer",
					"description": "When specified, limits the output to the top K most probable classes."
				}
			}
		}
	},
	"required": ["inputs"]
}
