{
	"$id": "/inference/schemas/video-classification/input.json",
	"$schema": "http://json-schema.org/draft-06/schema#",
	"description": "Inputs for Video Classification inference",
	"title": "VideoClassificationInput",
	"type": "object",
	"properties": {
		"inputs": {
			"description": "The input video data"
		},
		"parameters": {
			"description": "Additional inference parameters",
			"$ref": "#/$defs/VideoClassificationParameters"
		}
	},
	"$defs": {
		"VideoClassificationParameters": {
			"title": "VideoClassificationParameters",
			"description": "Additional inference parameters for Video Classification",
			"type": "object",
			"properties": {
				"function_to_apply": {
					"title": "TextClassificationOutputTransform",
					"$ref": "/inference/schemas/common-definitions.json#/definitions/ClassificationOutputTransform"
				},
				"num_frames": {
					"type": "integer",
					"description": "The number of sampled frames to consider for classification."
				},
				"frame_sampling_rate": {
					"type": "integer",
					"description": "The sampling rate used to select frames from the video."
				},
				"top_k": {
					"type": "integer",
					"description": "When specified, limits the output to the top K most probable classes."
				}
			}
		}
	},
	"required": ["inputs"]
}
