{
	"$id": "/inference/schemas/image-to-text/input.json",
	"$schema": "http://json-schema.org/draft-06/schema#",
	"description": "Inputs for Image To Text inference",
	"title": "ImageToTextInput",
	"type": "object",
	"properties": {
		"inputs": {
			"description": "The input image data"
		},
		"parameters": {
			"description": "Additional inference parameters",
			"$ref": "#/$defs/ImageToTextParameters"
		}
	},
	"$defs": {
		"ImageToTextParameters": {
			"title": "ImageToTextParameters",
			"description": "Additional inference parameters for Image To Text",
			"type": "object",
			"properties": {
				"max_new_tokens": {
					"type": "integer",
					"description": "The amount of maximum tokens to generate."
				},
				"generate": {
					"description": "Parametrization of the text generation process",
					"$ref": "/inference/schemas/common-definitions.json#/definitions/GenerationParameters"
				}
			}
		}
	},
	"required": ["inputs"]
}
